{
    "iptm+ptm": {
        "model_1_multimer_v2_pred_0": 0.677211653170956,
        "model_1_multimer_v2_pred_1": 0.7764424936066934,
        "model_1_multimer_v2_pred_2": 0.6602763468604463,
        "model_1_multimer_v2_pred_3": 0.576493993640224,
        "model_1_multimer_v2_pred_4": 0.5744635403195252,
        "model_2_multimer_v2_pred_0": 0.6750231214836716,
        "model_2_multimer_v2_pred_1": 0.6111282723232161,
        "model_2_multimer_v2_pred_2": 0.6288523849075005,
        "model_2_multimer_v2_pred_3": 0.6784197085151831,
        "model_2_multimer_v2_pred_4": 0.5823159847723124,
        "model_3_multimer_v2_pred_0": 0.6413311895252164,
        "model_3_multimer_v2_pred_1": 0.6783533765270806,
        "model_3_multimer_v2_pred_2": 0.6336435429364278,
        "model_3_multimer_v2_pred_3": 0.6003879043035183,
        "model_3_multimer_v2_pred_4": 0.671588317319,
        "model_4_multimer_v2_pred_0": 0.6538092198522064,
        "model_4_multimer_v2_pred_1": 0.6106707970733856,
        "model_4_multimer_v2_pred_2": 0.5893208831289334,
        "model_4_multimer_v2_pred_3": 0.655272214738627,
        "model_4_multimer_v2_pred_4": 0.6864778474707559,
        "model_5_multimer_v2_pred_0": 0.4517988260473936,
        "model_5_multimer_v2_pred_1": 0.6657835596756054,
        "model_5_multimer_v2_pred_2": 0.5091140980723222,
        "model_5_multimer_v2_pred_3": 0.4569769421758313,
        "model_5_multimer_v2_pred_4": 0.613815227429354
    },
    "order": [
        "model_1_multimer_v2_pred_1",
        "model_4_multimer_v2_pred_4",
        "model_2_multimer_v2_pred_3",
        "model_3_multimer_v2_pred_1",
        "model_1_multimer_v2_pred_0",
        "model_2_multimer_v2_pred_0",
        "model_3_multimer_v2_pred_4",
        "model_5_multimer_v2_pred_1",
        "model_1_multimer_v2_pred_2",
        "model_4_multimer_v2_pred_3",
        "model_4_multimer_v2_pred_0",
        "model_3_multimer_v2_pred_0",
        "model_3_multimer_v2_pred_2",
        "model_2_multimer_v2_pred_2",
        "model_5_multimer_v2_pred_4",
        "model_2_multimer_v2_pred_1",
        "model_4_multimer_v2_pred_1",
        "model_3_multimer_v2_pred_3",
        "model_4_multimer_v2_pred_2",
        "model_2_multimer_v2_pred_4",
        "model_1_multimer_v2_pred_3",
        "model_1_multimer_v2_pred_4",
        "model_5_multimer_v2_pred_2",
        "model_5_multimer_v2_pred_3",
        "model_5_multimer_v2_pred_0"
    ]
}