{
    "iptm+ptm": {
        "model_1_multimer_v2_pred_0": 0.8309603794305084,
        "model_1_multimer_v2_pred_1": 0.8272156045515834,
        "model_1_multimer_v2_pred_2": 0.8114961459658145,
        "model_1_multimer_v2_pred_3": 0.8358208965535258,
        "model_1_multimer_v2_pred_4": 0.8428770432021839,
        "model_2_multimer_v2_pred_0": 0.8347672943191579,
        "model_2_multimer_v2_pred_1": 0.8434198587605166,
        "model_2_multimer_v2_pred_2": 0.8185911057216873,
        "model_2_multimer_v2_pred_3": 0.815873415503928,
        "model_2_multimer_v2_pred_4": 0.8352429002089661,
        "model_3_multimer_v2_pred_0": 0.8368578731678897,
        "model_3_multimer_v2_pred_1": 0.8355487513783725,
        "model_3_multimer_v2_pred_2": 0.8182617227038462,
        "model_3_multimer_v2_pred_3": 0.8124314890371717,
        "model_3_multimer_v2_pred_4": 0.8433873720829248,
        "model_4_multimer_v2_pred_0": 0.8203465275515978,
        "model_4_multimer_v2_pred_1": 0.8165832553565757,
        "model_4_multimer_v2_pred_2": 0.8436467646255702,
        "model_4_multimer_v2_pred_3": 0.8360603243114274,
        "model_4_multimer_v2_pred_4": 0.8347913723031839,
        "model_5_multimer_v2_pred_0": 0.8355573184405134,
        "model_5_multimer_v2_pred_1": 0.8333307433298927,
        "model_5_multimer_v2_pred_2": 0.846503595738795,
        "model_5_multimer_v2_pred_3": 0.8490900962224471,
        "model_5_multimer_v2_pred_4": 0.8418509236604286
    },
    "order": [
        "model_5_multimer_v2_pred_3",
        "model_5_multimer_v2_pred_2",
        "model_4_multimer_v2_pred_2",
        "model_2_multimer_v2_pred_1",
        "model_3_multimer_v2_pred_4",
        "model_1_multimer_v2_pred_4",
        "model_5_multimer_v2_pred_4",
        "model_3_multimer_v2_pred_0",
        "model_4_multimer_v2_pred_3",
        "model_1_multimer_v2_pred_3",
        "model_5_multimer_v2_pred_0",
        "model_3_multimer_v2_pred_1",
        "model_2_multimer_v2_pred_4",
        "model_4_multimer_v2_pred_4",
        "model_2_multimer_v2_pred_0",
        "model_5_multimer_v2_pred_1",
        "model_1_multimer_v2_pred_0",
        "model_1_multimer_v2_pred_1",
        "model_4_multimer_v2_pred_0",
        "model_2_multimer_v2_pred_2",
        "model_3_multimer_v2_pred_2",
        "model_4_multimer_v2_pred_1",
        "model_2_multimer_v2_pred_3",
        "model_3_multimer_v2_pred_3",
        "model_1_multimer_v2_pred_2"
    ]
}