{
    "iptm+ptm": {
        "model_1_multimer_v2_pred_0": 0.16852795347220406,
        "model_1_multimer_v2_pred_1": 0.16669041536862167,
        "model_1_multimer_v2_pred_2": 0.16686836650009595,
        "model_1_multimer_v2_pred_3": 0.17080108770282657,
        "model_1_multimer_v2_pred_4": 0.17545817791361876,
        "model_2_multimer_v2_pred_0": 0.15435180421800856,
        "model_2_multimer_v2_pred_1": 0.16553773363698535,
        "model_2_multimer_v2_pred_2": 0.18569856451000114,
        "model_2_multimer_v2_pred_3": 0.16772045951681092,
        "model_2_multimer_v2_pred_4": 0.18971545151317332,
        "model_3_multimer_v2_pred_0": 0.18320706975291473,
        "model_3_multimer_v2_pred_1": 0.18834099311489183,
        "model_3_multimer_v2_pred_2": 0.18166857840163209,
        "model_3_multimer_v2_pred_3": 0.19075052623746508,
        "model_3_multimer_v2_pred_4": 0.18393632678657812,
        "model_4_multimer_v2_pred_0": 0.1824471479106869,
        "model_4_multimer_v2_pred_1": 0.1773643341789176,
        "model_4_multimer_v2_pred_2": 0.1730493568314021,
        "model_4_multimer_v2_pred_3": 0.1832731394388067,
        "model_4_multimer_v2_pred_4": 0.17832786367166575,
        "model_5_multimer_v2_pred_0": 0.16296840286228448,
        "model_5_multimer_v2_pred_1": 0.16923695655185667,
        "model_5_multimer_v2_pred_2": 0.16492155002543746,
        "model_5_multimer_v2_pred_3": 0.15829241161814478,
        "model_5_multimer_v2_pred_4": 0.15923521801710208
    },
    "order": [
        "model_3_multimer_v2_pred_3",
        "model_2_multimer_v2_pred_4",
        "model_3_multimer_v2_pred_1",
        "model_2_multimer_v2_pred_2",
        "model_3_multimer_v2_pred_4",
        "model_4_multimer_v2_pred_3",
        "model_3_multimer_v2_pred_0",
        "model_4_multimer_v2_pred_0",
        "model_3_multimer_v2_pred_2",
        "model_4_multimer_v2_pred_4",
        "model_4_multimer_v2_pred_1",
        "model_1_multimer_v2_pred_4",
        "model_4_multimer_v2_pred_2",
        "model_1_multimer_v2_pred_3",
        "model_5_multimer_v2_pred_1",
        "model_1_multimer_v2_pred_0",
        "model_2_multimer_v2_pred_3",
        "model_1_multimer_v2_pred_2",
        "model_1_multimer_v2_pred_1",
        "model_2_multimer_v2_pred_1",
        "model_5_multimer_v2_pred_2",
        "model_5_multimer_v2_pred_0",
        "model_5_multimer_v2_pred_4",
        "model_5_multimer_v2_pred_3",
        "model_2_multimer_v2_pred_0"
    ]
}