{
    "iptm+ptm": {
        "model_1_multimer_v2_pred_0": 0.6532354949710221,
        "model_1_multimer_v2_pred_1": 0.6547411569014028,
        "model_1_multimer_v2_pred_2": 0.6310861912038639,
        "model_1_multimer_v2_pred_3": 0.6316797940006463,
        "model_1_multimer_v2_pred_4": 0.7531159543421198,
        "model_2_multimer_v2_pred_0": 0.6658304476371945,
        "model_2_multimer_v2_pred_1": 0.47988242070713305,
        "model_2_multimer_v2_pred_2": 0.6586686851615063,
        "model_2_multimer_v2_pred_3": 0.6758715013822794,
        "model_2_multimer_v2_pred_4": 0.4306701524407506,
        "model_3_multimer_v2_pred_0": 0.7170154178444581,
        "model_3_multimer_v2_pred_1": 0.47782116620596865,
        "model_3_multimer_v2_pred_2": 0.22402569712984396,
        "model_3_multimer_v2_pred_3": 0.5750532455099457,
        "model_3_multimer_v2_pred_4": 0.6971258006992989,
        "model_4_multimer_v2_pred_0": 0.29176193989374805,
        "model_4_multimer_v2_pred_1": 0.6965768181014258,
        "model_4_multimer_v2_pred_2": 0.5603905976694945,
        "model_4_multimer_v2_pred_3": 0.3958611657594806,
        "model_4_multimer_v2_pred_4": 0.3159355917983956,
        "model_5_multimer_v2_pred_0": 0.656921045601849,
        "model_5_multimer_v2_pred_1": 0.7554469264817729,
        "model_5_multimer_v2_pred_2": 0.7644155049102453,
        "model_5_multimer_v2_pred_3": 0.45871190531955475,
        "model_5_multimer_v2_pred_4": 0.7593748405774221
    },
    "order": [
        "model_5_multimer_v2_pred_2",
        "model_5_multimer_v2_pred_4",
        "model_5_multimer_v2_pred_1",
        "model_1_multimer_v2_pred_4",
        "model_3_multimer_v2_pred_0",
        "model_3_multimer_v2_pred_4",
        "model_4_multimer_v2_pred_1",
        "model_2_multimer_v2_pred_3",
        "model_2_multimer_v2_pred_0",
        "model_2_multimer_v2_pred_2",
        "model_5_multimer_v2_pred_0",
        "model_1_multimer_v2_pred_1",
        "model_1_multimer_v2_pred_0",
        "model_1_multimer_v2_pred_3",
        "model_1_multimer_v2_pred_2",
        "model_3_multimer_v2_pred_3",
        "model_4_multimer_v2_pred_2",
        "model_2_multimer_v2_pred_1",
        "model_3_multimer_v2_pred_1",
        "model_5_multimer_v2_pred_3",
        "model_2_multimer_v2_pred_4",
        "model_4_multimer_v2_pred_3",
        "model_4_multimer_v2_pred_4",
        "model_4_multimer_v2_pred_0",
        "model_3_multimer_v2_pred_2"
    ]
}