{
    "iptm+ptm": {
        "model_1_multimer_v2_pred_0": 0.19507168871862213,
        "model_1_multimer_v2_pred_1": 0.24662154093833474,
        "model_1_multimer_v2_pred_2": 0.1799528909140402,
        "model_1_multimer_v2_pred_3": 0.20881871760341902,
        "model_1_multimer_v2_pred_4": 0.18782020398090704,
        "model_2_multimer_v2_pred_0": 0.2580797001002067,
        "model_2_multimer_v2_pred_1": 0.30479067922974823,
        "model_2_multimer_v2_pred_2": 0.6192352702917008,
        "model_2_multimer_v2_pred_3": 0.25641754374345926,
        "model_2_multimer_v2_pred_4": 0.26085404300695075,
        "model_3_multimer_v2_pred_0": 0.43120058345046686,
        "model_3_multimer_v2_pred_1": 0.3483200603734138,
        "model_3_multimer_v2_pred_2": 0.29012757483304663,
        "model_3_multimer_v2_pred_3": 0.41820048943559895,
        "model_3_multimer_v2_pred_4": 0.3001225141341549,
        "model_4_multimer_v2_pred_0": 0.3454287042617604,
        "model_4_multimer_v2_pred_1": 0.20402218505581357,
        "model_4_multimer_v2_pred_2": 0.2614633060488144,
        "model_4_multimer_v2_pred_3": 0.2945979497214705,
        "model_4_multimer_v2_pred_4": 0.22135557813143614,
        "model_5_multimer_v2_pred_0": 0.46108118630909123,
        "model_5_multimer_v2_pred_1": 0.47208689262478476,
        "model_5_multimer_v2_pred_2": 0.2636244697121519,
        "model_5_multimer_v2_pred_3": 0.1891631500862991,
        "model_5_multimer_v2_pred_4": 0.20949481581700807
    },
    "order": [
        "model_2_multimer_v2_pred_2",
        "model_5_multimer_v2_pred_1",
        "model_5_multimer_v2_pred_0",
        "model_3_multimer_v2_pred_0",
        "model_3_multimer_v2_pred_3",
        "model_3_multimer_v2_pred_1",
        "model_4_multimer_v2_pred_0",
        "model_2_multimer_v2_pred_1",
        "model_3_multimer_v2_pred_4",
        "model_4_multimer_v2_pred_3",
        "model_3_multimer_v2_pred_2",
        "model_5_multimer_v2_pred_2",
        "model_4_multimer_v2_pred_2",
        "model_2_multimer_v2_pred_4",
        "model_2_multimer_v2_pred_0",
        "model_2_multimer_v2_pred_3",
        "model_1_multimer_v2_pred_1",
        "model_4_multimer_v2_pred_4",
        "model_5_multimer_v2_pred_4",
        "model_1_multimer_v2_pred_3",
        "model_4_multimer_v2_pred_1",
        "model_1_multimer_v2_pred_0",
        "model_5_multimer_v2_pred_3",
        "model_1_multimer_v2_pred_4",
        "model_1_multimer_v2_pred_2"
    ]
}