{
    "iptm+ptm": {
        "model_1_multimer_v2_pred_0": 0.19138281419383796,
        "model_1_multimer_v2_pred_1": 0.18259154777932113,
        "model_1_multimer_v2_pred_2": 0.2175475711880071,
        "model_1_multimer_v2_pred_3": 0.21850020628296452,
        "model_1_multimer_v2_pred_4": 0.22302126469086422,
        "model_2_multimer_v2_pred_0": 0.24985208988724833,
        "model_2_multimer_v2_pred_1": 0.2628806131474394,
        "model_2_multimer_v2_pred_2": 0.25215182418743237,
        "model_2_multimer_v2_pred_3": 0.2721363755098417,
        "model_2_multimer_v2_pred_4": 0.2526038830645949,
        "model_3_multimer_v2_pred_0": 0.2386008569861811,
        "model_3_multimer_v2_pred_1": 0.21093693613704062,
        "model_3_multimer_v2_pred_2": 0.23159491739622987,
        "model_3_multimer_v2_pred_3": 0.3496203456037427,
        "model_3_multimer_v2_pred_4": 0.20765706849019777,
        "model_4_multimer_v2_pred_0": 0.2823459328087027,
        "model_4_multimer_v2_pred_1": 0.19995644187580175,
        "model_4_multimer_v2_pred_2": 0.22196089479125708,
        "model_4_multimer_v2_pred_3": 0.23903421321905294,
        "model_4_multimer_v2_pred_4": 0.31147384958781604,
        "model_5_multimer_v2_pred_0": 0.2275244600331014,
        "model_5_multimer_v2_pred_1": 0.23005742356659026,
        "model_5_multimer_v2_pred_2": 0.2659537156326548,
        "model_5_multimer_v2_pred_3": 0.2597748223459419,
        "model_5_multimer_v2_pred_4": 0.2646878573482166
    },
    "order": [
        "model_3_multimer_v2_pred_3",
        "model_4_multimer_v2_pred_4",
        "model_4_multimer_v2_pred_0",
        "model_2_multimer_v2_pred_3",
        "model_5_multimer_v2_pred_2",
        "model_5_multimer_v2_pred_4",
        "model_2_multimer_v2_pred_1",
        "model_5_multimer_v2_pred_3",
        "model_2_multimer_v2_pred_4",
        "model_2_multimer_v2_pred_2",
        "model_2_multimer_v2_pred_0",
        "model_4_multimer_v2_pred_3",
        "model_3_multimer_v2_pred_0",
        "model_3_multimer_v2_pred_2",
        "model_5_multimer_v2_pred_1",
        "model_5_multimer_v2_pred_0",
        "model_1_multimer_v2_pred_4",
        "model_4_multimer_v2_pred_2",
        "model_1_multimer_v2_pred_3",
        "model_1_multimer_v2_pred_2",
        "model_3_multimer_v2_pred_1",
        "model_3_multimer_v2_pred_4",
        "model_4_multimer_v2_pred_1",
        "model_1_multimer_v2_pred_0",
        "model_1_multimer_v2_pred_1"
    ]
}