{
    "iptm+ptm": {
        "model_1_multimer_v2_pred_0": 0.19211992888130044,
        "model_1_multimer_v2_pred_1": 0.18512655446655957,
        "model_1_multimer_v2_pred_2": 0.18702580893963167,
        "model_1_multimer_v2_pred_3": 0.1819306247531026,
        "model_1_multimer_v2_pred_4": 0.1836685468137897,
        "model_2_multimer_v2_pred_0": 0.24139376608480373,
        "model_2_multimer_v2_pred_1": 0.2514132360043068,
        "model_2_multimer_v2_pred_2": 0.24358541350635649,
        "model_2_multimer_v2_pred_3": 0.23171521452694827,
        "model_2_multimer_v2_pred_4": 0.22658629996279556,
        "model_3_multimer_v2_pred_0": 0.247987613924756,
        "model_3_multimer_v2_pred_1": 0.28521695475011066,
        "model_3_multimer_v2_pred_2": 0.29603329441997117,
        "model_3_multimer_v2_pred_3": 0.22254795001587416,
        "model_3_multimer_v2_pred_4": 0.219576601020913,
        "model_4_multimer_v2_pred_0": 0.2488215226919726,
        "model_4_multimer_v2_pred_1": 0.2130113304095118,
        "model_4_multimer_v2_pred_2": 0.23349154513675216,
        "model_4_multimer_v2_pred_3": 0.2475732163060192,
        "model_4_multimer_v2_pred_4": 0.2224699957279792,
        "model_5_multimer_v2_pred_0": 0.2682441975807055,
        "model_5_multimer_v2_pred_1": 0.2540661284201397,
        "model_5_multimer_v2_pred_2": 0.24458881737492869,
        "model_5_multimer_v2_pred_3": 0.34582399092423804,
        "model_5_multimer_v2_pred_4": 0.2329239074349418
    },
    "order": [
        "model_5_multimer_v2_pred_3",
        "model_3_multimer_v2_pred_2",
        "model_3_multimer_v2_pred_1",
        "model_5_multimer_v2_pred_0",
        "model_5_multimer_v2_pred_1",
        "model_2_multimer_v2_pred_1",
        "model_4_multimer_v2_pred_0",
        "model_3_multimer_v2_pred_0",
        "model_4_multimer_v2_pred_3",
        "model_5_multimer_v2_pred_2",
        "model_2_multimer_v2_pred_2",
        "model_2_multimer_v2_pred_0",
        "model_4_multimer_v2_pred_2",
        "model_5_multimer_v2_pred_4",
        "model_2_multimer_v2_pred_3",
        "model_2_multimer_v2_pred_4",
        "model_3_multimer_v2_pred_3",
        "model_4_multimer_v2_pred_4",
        "model_3_multimer_v2_pred_4",
        "model_4_multimer_v2_pred_1",
        "model_1_multimer_v2_pred_0",
        "model_1_multimer_v2_pred_2",
        "model_1_multimer_v2_pred_1",
        "model_1_multimer_v2_pred_4",
        "model_1_multimer_v2_pred_3"
    ]
}