{
    "iptm+ptm": {
        "model_1_multimer_v2_pred_0": 0.6275314910460853,
        "model_1_multimer_v2_pred_1": 0.5676348858037465,
        "model_1_multimer_v2_pred_2": 0.6043021886438362,
        "model_1_multimer_v2_pred_3": 0.6737808499310395,
        "model_1_multimer_v2_pred_4": 0.6721507420032462,
        "model_2_multimer_v2_pred_0": 0.564776377889261,
        "model_2_multimer_v2_pred_1": 0.5217612553351384,
        "model_2_multimer_v2_pred_2": 0.4893822670123173,
        "model_2_multimer_v2_pred_3": 0.5071411101073736,
        "model_2_multimer_v2_pred_4": 0.5326687613921383,
        "model_3_multimer_v2_pred_0": 0.5744621516517023,
        "model_3_multimer_v2_pred_1": 0.6495548094928079,
        "model_3_multimer_v2_pred_2": 0.5895488132623116,
        "model_3_multimer_v2_pred_3": 0.5438229202626071,
        "model_3_multimer_v2_pred_4": 0.6171093054202452,
        "model_4_multimer_v2_pred_0": 0.49804783804090225,
        "model_4_multimer_v2_pred_1": 0.4906048975941586,
        "model_4_multimer_v2_pred_2": 0.5077598332510643,
        "model_4_multimer_v2_pred_3": 0.5001257758668969,
        "model_4_multimer_v2_pred_4": 0.6332919019882501,
        "model_5_multimer_v2_pred_0": 0.5551811800281883,
        "model_5_multimer_v2_pred_1": 0.487290432200996,
        "model_5_multimer_v2_pred_2": 0.5953086989719041,
        "model_5_multimer_v2_pred_3": 0.4696165114062373,
        "model_5_multimer_v2_pred_4": 0.5162691788866525
    },
    "order": [
        "model_1_multimer_v2_pred_3",
        "model_1_multimer_v2_pred_4",
        "model_3_multimer_v2_pred_1",
        "model_4_multimer_v2_pred_4",
        "model_1_multimer_v2_pred_0",
        "model_3_multimer_v2_pred_4",
        "model_1_multimer_v2_pred_2",
        "model_5_multimer_v2_pred_2",
        "model_3_multimer_v2_pred_2",
        "model_3_multimer_v2_pred_0",
        "model_1_multimer_v2_pred_1",
        "model_2_multimer_v2_pred_0",
        "model_5_multimer_v2_pred_0",
        "model_3_multimer_v2_pred_3",
        "model_2_multimer_v2_pred_4",
        "model_2_multimer_v2_pred_1",
        "model_5_multimer_v2_pred_4",
        "model_4_multimer_v2_pred_2",
        "model_2_multimer_v2_pred_3",
        "model_4_multimer_v2_pred_3",
        "model_4_multimer_v2_pred_0",
        "model_4_multimer_v2_pred_1",
        "model_2_multimer_v2_pred_2",
        "model_5_multimer_v2_pred_1",
        "model_5_multimer_v2_pred_3"
    ]
}
