{
    "iptm+ptm": {
        "model_1_multimer_v2_pred_0": 0.3565071714549451,
        "model_1_multimer_v2_pred_1": 0.27345940461124235,
        "model_1_multimer_v2_pred_2": 0.378964600876558,
        "model_1_multimer_v2_pred_3": 0.3458938560591175,
        "model_1_multimer_v2_pred_4": 0.3594762652006001,
        "model_2_multimer_v2_pred_0": 0.29846057218280464,
        "model_2_multimer_v2_pred_1": 0.28007671713189125,
        "model_2_multimer_v2_pred_2": 0.28871738388874524,
        "model_2_multimer_v2_pred_3": 0.2982697592408267,
        "model_2_multimer_v2_pred_4": 0.28959365321952224,
        "model_3_multimer_v2_pred_0": 0.3307313378048245,
        "model_3_multimer_v2_pred_1": 0.2985116160850744,
        "model_3_multimer_v2_pred_2": 0.3143893174292761,
        "model_3_multimer_v2_pred_3": 0.32998572002238225,
        "model_3_multimer_v2_pred_4": 0.32775384165631777,
        "model_4_multimer_v2_pred_0": 0.4045055875633009,
        "model_4_multimer_v2_pred_1": 0.24751980045809907,
        "model_4_multimer_v2_pred_2": 0.41374961828790646,
        "model_4_multimer_v2_pred_3": 0.4105547595233589,
        "model_4_multimer_v2_pred_4": 0.4297929753648555,
        "model_5_multimer_v2_pred_0": 0.2676918371575992,
        "model_5_multimer_v2_pred_1": 0.21201500506313756,
        "model_5_multimer_v2_pred_2": 0.2523724883345934,
        "model_5_multimer_v2_pred_3": 0.2770782046925505,
        "model_5_multimer_v2_pred_4": 0.2630701999662351
    },
    "order": [
        "model_4_multimer_v2_pred_4",
        "model_4_multimer_v2_pred_2",
        "model_4_multimer_v2_pred_3",
        "model_4_multimer_v2_pred_0",
        "model_1_multimer_v2_pred_2",
        "model_1_multimer_v2_pred_4",
        "model_1_multimer_v2_pred_0",
        "model_1_multimer_v2_pred_3",
        "model_3_multimer_v2_pred_0",
        "model_3_multimer_v2_pred_3",
        "model_3_multimer_v2_pred_4",
        "model_3_multimer_v2_pred_2",
        "model_3_multimer_v2_pred_1",
        "model_2_multimer_v2_pred_0",
        "model_2_multimer_v2_pred_3",
        "model_2_multimer_v2_pred_4",
        "model_2_multimer_v2_pred_2",
        "model_2_multimer_v2_pred_1",
        "model_5_multimer_v2_pred_3",
        "model_1_multimer_v2_pred_1",
        "model_5_multimer_v2_pred_0",
        "model_5_multimer_v2_pred_4",
        "model_5_multimer_v2_pred_2",
        "model_4_multimer_v2_pred_1",
        "model_5_multimer_v2_pred_1"
    ]
}