{
    "iptm+ptm": {
        "model_1_multimer_v2_pred_0": 0.38922555345824006,
        "model_1_multimer_v2_pred_1": 0.35924065405118943,
        "model_1_multimer_v2_pred_2": 0.29346985521764796,
        "model_1_multimer_v2_pred_3": 0.35982243147037085,
        "model_1_multimer_v2_pred_4": 0.4129607493729108,
        "model_2_multimer_v2_pred_0": 0.3657799292265739,
        "model_2_multimer_v2_pred_1": 0.3369334959674122,
        "model_2_multimer_v2_pred_2": 0.4122308733698037,
        "model_2_multimer_v2_pred_3": 0.49642183278513086,
        "model_2_multimer_v2_pred_4": 0.4363602448552318,
        "model_3_multimer_v2_pred_0": 0.32255277764512863,
        "model_3_multimer_v2_pred_1": 0.3692405129303601,
        "model_3_multimer_v2_pred_2": 0.530149578320697,
        "model_3_multimer_v2_pred_3": 0.15528480701114936,
        "model_3_multimer_v2_pred_4": 0.36630996382660236,
        "model_4_multimer_v2_pred_0": 0.3510242520537961,
        "model_4_multimer_v2_pred_1": 0.1868246662781895,
        "model_4_multimer_v2_pred_2": 0.18863192298322354,
        "model_4_multimer_v2_pred_3": 0.36054082008027266,
        "model_4_multimer_v2_pred_4": 0.5478524041520341,
        "model_5_multimer_v2_pred_0": 0.3420382588995511,
        "model_5_multimer_v2_pred_1": 0.2759436646641484,
        "model_5_multimer_v2_pred_2": 0.2391433263210499,
        "model_5_multimer_v2_pred_3": 0.38436072065868054,
        "model_5_multimer_v2_pred_4": 0.4105208433192908
    },
    "order": [
        "model_4_multimer_v2_pred_4",
        "model_3_multimer_v2_pred_2",
        "model_2_multimer_v2_pred_3",
        "model_2_multimer_v2_pred_4",
        "model_1_multimer_v2_pred_4",
        "model_2_multimer_v2_pred_2",
        "model_5_multimer_v2_pred_4",
        "model_1_multimer_v2_pred_0",
        "model_5_multimer_v2_pred_3",
        "model_3_multimer_v2_pred_1",
        "model_3_multimer_v2_pred_4",
        "model_2_multimer_v2_pred_0",
        "model_4_multimer_v2_pred_3",
        "model_1_multimer_v2_pred_3",
        "model_1_multimer_v2_pred_1",
        "model_4_multimer_v2_pred_0",
        "model_5_multimer_v2_pred_0",
        "model_2_multimer_v2_pred_1",
        "model_3_multimer_v2_pred_0",
        "model_1_multimer_v2_pred_2",
        "model_5_multimer_v2_pred_1",
        "model_5_multimer_v2_pred_2",
        "model_4_multimer_v2_pred_2",
        "model_4_multimer_v2_pred_1",
        "model_3_multimer_v2_pred_3"
    ]
}