{
    "iptm+ptm": {
        "model_1_multimer_v2_pred_0": 0.41974309076703353,
        "model_1_multimer_v2_pred_1": 0.37841821646542884,
        "model_1_multimer_v2_pred_2": 0.4169522484202531,
        "model_1_multimer_v2_pred_3": 0.44797105363980094,
        "model_1_multimer_v2_pred_4": 0.41669986592918784,
        "model_2_multimer_v2_pred_0": 0.3255597604278826,
        "model_2_multimer_v2_pred_1": 0.3209141019894425,
        "model_2_multimer_v2_pred_2": 0.31659308261918456,
        "model_2_multimer_v2_pred_3": 0.33072999736651554,
        "model_2_multimer_v2_pred_4": 0.31305286842046337,
        "model_3_multimer_v2_pred_0": 0.4165992740402377,
        "model_3_multimer_v2_pred_1": 0.33990708086479016,
        "model_3_multimer_v2_pred_2": 0.3483555199812667,
        "model_3_multimer_v2_pred_3": 0.367185526987879,
        "model_3_multimer_v2_pred_4": 0.38244240316074346,
        "model_4_multimer_v2_pred_0": 0.4708214832933874,
        "model_4_multimer_v2_pred_1": 0.4509972976315096,
        "model_4_multimer_v2_pred_2": 0.3877098584029992,
        "model_4_multimer_v2_pred_3": 0.4191435475026013,
        "model_4_multimer_v2_pred_4": 0.41511365653759436,
        "model_5_multimer_v2_pred_0": 0.3184581679462557,
        "model_5_multimer_v2_pred_1": 0.28108603334294413,
        "model_5_multimer_v2_pred_2": 0.31847707477499254,
        "model_5_multimer_v2_pred_3": 0.3176707930167873,
        "model_5_multimer_v2_pred_4": 0.2797994204586082
    },
    "order": [
        "model_4_multimer_v2_pred_0",
        "model_4_multimer_v2_pred_1",
        "model_1_multimer_v2_pred_3",
        "model_1_multimer_v2_pred_0",
        "model_4_multimer_v2_pred_3",
        "model_1_multimer_v2_pred_2",
        "model_1_multimer_v2_pred_4",
        "model_3_multimer_v2_pred_0",
        "model_4_multimer_v2_pred_4",
        "model_4_multimer_v2_pred_2",
        "model_3_multimer_v2_pred_4",
        "model_1_multimer_v2_pred_1",
        "model_3_multimer_v2_pred_3",
        "model_3_multimer_v2_pred_2",
        "model_3_multimer_v2_pred_1",
        "model_2_multimer_v2_pred_3",
        "model_2_multimer_v2_pred_0",
        "model_2_multimer_v2_pred_1",
        "model_5_multimer_v2_pred_2",
        "model_5_multimer_v2_pred_0",
        "model_5_multimer_v2_pred_3",
        "model_2_multimer_v2_pred_2",
        "model_2_multimer_v2_pred_4",
        "model_5_multimer_v2_pred_1",
        "model_5_multimer_v2_pred_4"
    ]
}