{
    "iptm+ptm": {
        "model_1_multimer_v2_pred_0": 0.521965646760129,
        "model_1_multimer_v2_pred_1": 0.5077537866094021,
        "model_1_multimer_v2_pred_2": 0.504487474700237,
        "model_1_multimer_v2_pred_3": 0.5142273558693341,
        "model_1_multimer_v2_pred_4": 0.5238640462243724,
        "model_2_multimer_v2_pred_0": 0.525878632584538,
        "model_2_multimer_v2_pred_1": 0.5112059892052834,
        "model_2_multimer_v2_pred_2": 0.5167457228523822,
        "model_2_multimer_v2_pred_3": 0.520065394414873,
        "model_2_multimer_v2_pred_4": 0.5259555151512638,
        "model_3_multimer_v2_pred_0": 0.566793652176399,
        "model_3_multimer_v2_pred_1": 0.5472145063816769,
        "model_3_multimer_v2_pred_2": 0.539691841823299,
        "model_3_multimer_v2_pred_3": 0.5383545606043024,
        "model_3_multimer_v2_pred_4": 0.5533209240163087,
        "model_4_multimer_v2_pred_0": 0.5364539090562599,
        "model_4_multimer_v2_pred_1": 0.5693929614878754,
        "model_4_multimer_v2_pred_2": 0.528402373739616,
        "model_4_multimer_v2_pred_3": 0.5532595331876978,
        "model_4_multimer_v2_pred_4": 0.5437049417214037,
        "model_5_multimer_v2_pred_0": 0.5453925258551139,
        "model_5_multimer_v2_pred_1": 0.555420808500101,
        "model_5_multimer_v2_pred_2": 0.5426477500730477,
        "model_5_multimer_v2_pred_3": 0.5246652154317196,
        "model_5_multimer_v2_pred_4": 0.5370426298527617
    },
    "order": [
        "model_4_multimer_v2_pred_1",
        "model_3_multimer_v2_pred_0",
        "model_5_multimer_v2_pred_1",
        "model_3_multimer_v2_pred_4",
        "model_4_multimer_v2_pred_3",
        "model_3_multimer_v2_pred_1",
        "model_5_multimer_v2_pred_0",
        "model_4_multimer_v2_pred_4",
        "model_5_multimer_v2_pred_2",
        "model_3_multimer_v2_pred_2",
        "model_3_multimer_v2_pred_3",
        "model_5_multimer_v2_pred_4",
        "model_4_multimer_v2_pred_0",
        "model_4_multimer_v2_pred_2",
        "model_2_multimer_v2_pred_4",
        "model_2_multimer_v2_pred_0",
        "model_5_multimer_v2_pred_3",
        "model_1_multimer_v2_pred_4",
        "model_1_multimer_v2_pred_0",
        "model_2_multimer_v2_pred_3",
        "model_2_multimer_v2_pred_2",
        "model_1_multimer_v2_pred_3",
        "model_2_multimer_v2_pred_1",
        "model_1_multimer_v2_pred_1",
        "model_1_multimer_v2_pred_2"
    ]
}