{
    "iptm+ptm": {
        "model_1_multimer_v2_pred_0": 0.4402386840777131,
        "model_1_multimer_v2_pred_1": 0.41622757073828187,
        "model_1_multimer_v2_pred_2": 0.4821374633088762,
        "model_1_multimer_v2_pred_3": 0.3337347680128947,
        "model_1_multimer_v2_pred_4": 0.4977908047647399,
        "model_2_multimer_v2_pred_0": 0.3508245276341438,
        "model_2_multimer_v2_pred_1": 0.38551602277081487,
        "model_2_multimer_v2_pred_2": 0.3620916293102865,
        "model_2_multimer_v2_pred_3": 0.3546018726924298,
        "model_2_multimer_v2_pred_4": 0.34742620197313356,
        "model_3_multimer_v2_pred_0": 0.3725551040576474,
        "model_3_multimer_v2_pred_1": 0.40275650750158204,
        "model_3_multimer_v2_pred_2": 0.3957083260225645,
        "model_3_multimer_v2_pred_3": 0.35426439268254556,
        "model_3_multimer_v2_pred_4": 0.3403848833226347,
        "model_4_multimer_v2_pred_0": 0.46814975730871106,
        "model_4_multimer_v2_pred_1": 0.47725821693246806,
        "model_4_multimer_v2_pred_2": 0.4164443963216911,
        "model_4_multimer_v2_pred_3": 0.47368484076517087,
        "model_4_multimer_v2_pred_4": 0.46640731973193816,
        "model_5_multimer_v2_pred_0": 0.3819923283906258,
        "model_5_multimer_v2_pred_1": 0.3693003824746023,
        "model_5_multimer_v2_pred_2": 0.38485806860890337,
        "model_5_multimer_v2_pred_3": 0.3379282649323946,
        "model_5_multimer_v2_pred_4": 0.38333803036282355
    },
    "order": [
        "model_1_multimer_v2_pred_4",
        "model_1_multimer_v2_pred_2",
        "model_4_multimer_v2_pred_1",
        "model_4_multimer_v2_pred_3",
        "model_4_multimer_v2_pred_0",
        "model_4_multimer_v2_pred_4",
        "model_1_multimer_v2_pred_0",
        "model_4_multimer_v2_pred_2",
        "model_1_multimer_v2_pred_1",
        "model_3_multimer_v2_pred_1",
        "model_3_multimer_v2_pred_2",
        "model_2_multimer_v2_pred_1",
        "model_5_multimer_v2_pred_2",
        "model_5_multimer_v2_pred_4",
        "model_5_multimer_v2_pred_0",
        "model_3_multimer_v2_pred_0",
        "model_5_multimer_v2_pred_1",
        "model_2_multimer_v2_pred_2",
        "model_2_multimer_v2_pred_3",
        "model_3_multimer_v2_pred_3",
        "model_2_multimer_v2_pred_0",
        "model_2_multimer_v2_pred_4",
        "model_3_multimer_v2_pred_4",
        "model_5_multimer_v2_pred_3",
        "model_1_multimer_v2_pred_3"
    ]
}