{
    "iptm+ptm": {
        "model_1_multimer_v2_pred_0": 0.3418564557846735,
        "model_1_multimer_v2_pred_1": 0.17202372967919785,
        "model_1_multimer_v2_pred_2": 0.16819507293267522,
        "model_1_multimer_v2_pred_3": 0.17363760128626796,
        "model_1_multimer_v2_pred_4": 0.16077421789122745,
        "model_2_multimer_v2_pred_0": 0.15995428640308743,
        "model_2_multimer_v2_pred_1": 0.17522854768547189,
        "model_2_multimer_v2_pred_2": 0.16634120528186735,
        "model_2_multimer_v2_pred_3": 0.16231666329076697,
        "model_2_multimer_v2_pred_4": 0.1756728632150071,
        "model_3_multimer_v2_pred_0": 0.22138726841517836,
        "model_3_multimer_v2_pred_1": 0.1836440295957681,
        "model_3_multimer_v2_pred_2": 0.1703489974292625,
        "model_3_multimer_v2_pred_3": 0.16883850848715193,
        "model_3_multimer_v2_pred_4": 0.2579157708836492,
        "model_4_multimer_v2_pred_0": 0.16826231075620435,
        "model_4_multimer_v2_pred_1": 0.16287469187781997,
        "model_4_multimer_v2_pred_2": 0.18483261622914565,
        "model_4_multimer_v2_pred_3": 0.1966252041919218,
        "model_4_multimer_v2_pred_4": 0.18066525508898615,
        "model_5_multimer_v2_pred_0": 0.1916154280762613,
        "model_5_multimer_v2_pred_1": 0.2351716974783015,
        "model_5_multimer_v2_pred_2": 0.1582823477531323,
        "model_5_multimer_v2_pred_3": 0.21487843914496266,
        "model_5_multimer_v2_pred_4": 0.17971798102413478
    },
    "order": [
        "model_1_multimer_v2_pred_0",
        "model_3_multimer_v2_pred_4",
        "model_5_multimer_v2_pred_1",
        "model_3_multimer_v2_pred_0",
        "model_5_multimer_v2_pred_3",
        "model_4_multimer_v2_pred_3",
        "model_5_multimer_v2_pred_0",
        "model_4_multimer_v2_pred_2",
        "model_3_multimer_v2_pred_1",
        "model_4_multimer_v2_pred_4",
        "model_5_multimer_v2_pred_4",
        "model_2_multimer_v2_pred_4",
        "model_2_multimer_v2_pred_1",
        "model_1_multimer_v2_pred_3",
        "model_1_multimer_v2_pred_1",
        "model_3_multimer_v2_pred_2",
        "model_3_multimer_v2_pred_3",
        "model_4_multimer_v2_pred_0",
        "model_1_multimer_v2_pred_2",
        "model_2_multimer_v2_pred_2",
        "model_4_multimer_v2_pred_1",
        "model_2_multimer_v2_pred_3",
        "model_1_multimer_v2_pred_4",
        "model_2_multimer_v2_pred_0",
        "model_5_multimer_v2_pred_2"
    ]
}