{
    "iptm+ptm": {
        "model_1_multimer_v2_pred_0": 0.5791621950305501,
        "model_1_multimer_v2_pred_1": 0.6862313521391844,
        "model_1_multimer_v2_pred_2": 0.6030460340603964,
        "model_1_multimer_v2_pred_3": 0.6279823586483373,
        "model_1_multimer_v2_pred_4": 0.674984918581836,
        "model_2_multimer_v2_pred_0": 0.567244406730276,
        "model_2_multimer_v2_pred_1": 0.5931202433626698,
        "model_2_multimer_v2_pred_2": 0.5744784754385066,
        "model_2_multimer_v2_pred_3": 0.6034887176571947,
        "model_2_multimer_v2_pred_4": 0.6141494182421527,
        "model_3_multimer_v2_pred_0": 0.607843949421376,
        "model_3_multimer_v2_pred_1": 0.6023548780144435,
        "model_3_multimer_v2_pred_2": 0.5807913533999776,
        "model_3_multimer_v2_pred_3": 0.5741246170202192,
        "model_3_multimer_v2_pred_4": 0.6220523857685628,
        "model_4_multimer_v2_pred_0": 0.5491399086969737,
        "model_4_multimer_v2_pred_1": 0.5610733634347733,
        "model_4_multimer_v2_pred_2": 0.564690980467632,
        "model_4_multimer_v2_pred_3": 0.6049001721267295,
        "model_4_multimer_v2_pred_4": 0.5598971995788926,
        "model_5_multimer_v2_pred_0": 0.5484463234516874,
        "model_5_multimer_v2_pred_1": 0.5428040366319493,
        "model_5_multimer_v2_pred_2": 0.5325641918510597,
        "model_5_multimer_v2_pred_3": 0.5488493277346945,
        "model_5_multimer_v2_pred_4": 0.5920222244713469
    },
    "order": [
        "model_1_multimer_v2_pred_1",
        "model_1_multimer_v2_pred_4",
        "model_1_multimer_v2_pred_3",
        "model_3_multimer_v2_pred_4",
        "model_2_multimer_v2_pred_4",
        "model_3_multimer_v2_pred_0",
        "model_4_multimer_v2_pred_3",
        "model_2_multimer_v2_pred_3",
        "model_1_multimer_v2_pred_2",
        "model_3_multimer_v2_pred_1",
        "model_2_multimer_v2_pred_1",
        "model_5_multimer_v2_pred_4",
        "model_3_multimer_v2_pred_2",
        "model_1_multimer_v2_pred_0",
        "model_2_multimer_v2_pred_2",
        "model_3_multimer_v2_pred_3",
        "model_2_multimer_v2_pred_0",
        "model_4_multimer_v2_pred_2",
        "model_4_multimer_v2_pred_1",
        "model_4_multimer_v2_pred_4",
        "model_4_multimer_v2_pred_0",
        "model_5_multimer_v2_pred_3",
        "model_5_multimer_v2_pred_0",
        "model_5_multimer_v2_pred_1",
        "model_5_multimer_v2_pred_2"
    ]
}