{
    "iptm+ptm": {
        "model_1_multimer_v2_pred_0": 0.09314055448748987,
        "model_1_multimer_v2_pred_1": 0.09447988428973801,
        "model_1_multimer_v2_pred_2": 0.0993921965627306,
        "model_1_multimer_v2_pred_3": 0.09979597960571338,
        "model_1_multimer_v2_pred_4": 0.09275983633198409,
        "model_2_multimer_v2_pred_0": 0.09639702290646156,
        "model_2_multimer_v2_pred_1": 0.095692431354611,
        "model_2_multimer_v2_pred_2": 0.10634229938217987,
        "model_2_multimer_v2_pred_3": 0.10671510434535243,
        "model_2_multimer_v2_pred_4": 0.09104882686993326,
        "model_3_multimer_v2_pred_0": 0.10224919732837347,
        "model_3_multimer_v2_pred_1": 0.10512619816320731,
        "model_3_multimer_v2_pred_2": 0.10486382569219566,
        "model_3_multimer_v2_pred_3": 0.10645868931239391,
        "model_3_multimer_v2_pred_4": 0.10250368387966281,
        "model_4_multimer_v2_pred_0": 0.09529977078669362,
        "model_4_multimer_v2_pred_1": 0.10584952918436695,
        "model_4_multimer_v2_pred_2": 0.10131548042216719,
        "model_4_multimer_v2_pred_3": 0.09786714352152714,
        "model_4_multimer_v2_pred_4": 0.10184363549683653,
        "model_5_multimer_v2_pred_0": 0.10706163946428328,
        "model_5_multimer_v2_pred_1": 0.09862662837336329,
        "model_5_multimer_v2_pred_2": 0.10125021425058693,
        "model_5_multimer_v2_pred_3": 0.10294272985640929,
        "model_5_multimer_v2_pred_4": 0.10141672355295231
    },
    "order": [
        "model_5_multimer_v2_pred_0",
        "model_2_multimer_v2_pred_3",
        "model_3_multimer_v2_pred_3",
        "model_2_multimer_v2_pred_2",
        "model_4_multimer_v2_pred_1",
        "model_3_multimer_v2_pred_1",
        "model_3_multimer_v2_pred_2",
        "model_5_multimer_v2_pred_3",
        "model_3_multimer_v2_pred_4",
        "model_3_multimer_v2_pred_0",
        "model_4_multimer_v2_pred_4",
        "model_5_multimer_v2_pred_4",
        "model_4_multimer_v2_pred_2",
        "model_5_multimer_v2_pred_2",
        "model_1_multimer_v2_pred_3",
        "model_1_multimer_v2_pred_2",
        "model_5_multimer_v2_pred_1",
        "model_4_multimer_v2_pred_3",
        "model_2_multimer_v2_pred_0",
        "model_2_multimer_v2_pred_1",
        "model_4_multimer_v2_pred_0",
        "model_1_multimer_v2_pred_1",
        "model_1_multimer_v2_pred_0",
        "model_1_multimer_v2_pred_4",
        "model_2_multimer_v2_pred_4"
    ]
}
