{
    "iptm+ptm": {
        "model_1_multimer_v2_pred_0": 0.490606716016549,
        "model_1_multimer_v2_pred_1": 0.46286111427019705,
        "model_1_multimer_v2_pred_2": 0.4994833821519145,
        "model_1_multimer_v2_pred_3": 0.44161187123420087,
        "model_1_multimer_v2_pred_4": 0.4816719874422061,
        "model_2_multimer_v2_pred_0": 0.35813464217965435,
        "model_2_multimer_v2_pred_1": 0.36670895054111285,
        "model_2_multimer_v2_pred_2": 0.3721804090908331,
        "model_2_multimer_v2_pred_3": 0.41484564487789855,
        "model_2_multimer_v2_pred_4": 0.39198444271864635,
        "model_3_multimer_v2_pred_0": 0.45564375003932045,
        "model_3_multimer_v2_pred_1": 0.46303215472250553,
        "model_3_multimer_v2_pred_2": 0.43278307245766756,
        "model_3_multimer_v2_pred_3": 0.4475205504451545,
        "model_3_multimer_v2_pred_4": 0.4081651355693632,
        "model_4_multimer_v2_pred_0": 0.5370347871184005,
        "model_4_multimer_v2_pred_1": 0.5436968190085146,
        "model_4_multimer_v2_pred_2": 0.5477584542288161,
        "model_4_multimer_v2_pred_3": 0.5331609063313787,
        "model_4_multimer_v2_pred_4": 0.5471595075260541,
        "model_5_multimer_v2_pred_0": 0.38565266526100783,
        "model_5_multimer_v2_pred_1": 0.3754894381678894,
        "model_5_multimer_v2_pred_2": 0.4019979757557691,
        "model_5_multimer_v2_pred_3": 0.39332037085397287,
        "model_5_multimer_v2_pred_4": 0.39334398547223803
    },
    "order": [
        "model_4_multimer_v2_pred_2",
        "model_4_multimer_v2_pred_4",
        "model_4_multimer_v2_pred_1",
        "model_4_multimer_v2_pred_0",
        "model_4_multimer_v2_pred_3",
        "model_1_multimer_v2_pred_2",
        "model_1_multimer_v2_pred_0",
        "model_1_multimer_v2_pred_4",
        "model_3_multimer_v2_pred_1",
        "model_1_multimer_v2_pred_1",
        "model_3_multimer_v2_pred_0",
        "model_3_multimer_v2_pred_3",
        "model_1_multimer_v2_pred_3",
        "model_3_multimer_v2_pred_2",
        "model_2_multimer_v2_pred_3",
        "model_3_multimer_v2_pred_4",
        "model_5_multimer_v2_pred_2",
        "model_5_multimer_v2_pred_4",
        "model_5_multimer_v2_pred_3",
        "model_2_multimer_v2_pred_4",
        "model_5_multimer_v2_pred_0",
        "model_5_multimer_v2_pred_1",
        "model_2_multimer_v2_pred_2",
        "model_2_multimer_v2_pred_1",
        "model_2_multimer_v2_pred_0"
    ]
}
