{
    "iptm+ptm": {
        "model_1_multimer_v2_pred_0": 0.5346294777217733,
        "model_1_multimer_v2_pred_1": 0.5322058388570589,
        "model_1_multimer_v2_pred_2": 0.534148511205808,
        "model_1_multimer_v2_pred_3": 0.5298758291251308,
        "model_1_multimer_v2_pred_4": 0.5432476074616824,
        "model_2_multimer_v2_pred_0": 0.47868074482536016,
        "model_2_multimer_v2_pred_1": 0.53200071632376,
        "model_2_multimer_v2_pred_2": 0.4436429147651789,
        "model_2_multimer_v2_pred_3": 0.5367899603044415,
        "model_2_multimer_v2_pred_4": 0.4414121791233458,
        "model_3_multimer_v2_pred_0": 0.46004181711313985,
        "model_3_multimer_v2_pred_1": 0.5451761654198225,
        "model_3_multimer_v2_pred_2": 0.5889586497621115,
        "model_3_multimer_v2_pred_3": 0.4612899166735254,
        "model_3_multimer_v2_pred_4": 0.5434639141862627,
        "model_4_multimer_v2_pred_0": 0.4439374986388965,
        "model_4_multimer_v2_pred_1": 0.4351645506003676,
        "model_4_multimer_v2_pred_2": 0.42384076432121753,
        "model_4_multimer_v2_pred_3": 0.5279482880428263,
        "model_4_multimer_v2_pred_4": 0.4222850317174401,
        "model_5_multimer_v2_pred_0": 0.4544350744838598,
        "model_5_multimer_v2_pred_1": 0.4525166167198892,
        "model_5_multimer_v2_pred_2": 0.457894849186626,
        "model_5_multimer_v2_pred_3": 0.45932304246299993,
        "model_5_multimer_v2_pred_4": 0.45337971983927877
    },
    "order": [
        "model_3_multimer_v2_pred_2",
        "model_3_multimer_v2_pred_1",
        "model_3_multimer_v2_pred_4",
        "model_1_multimer_v2_pred_4",
        "model_2_multimer_v2_pred_3",
        "model_1_multimer_v2_pred_0",
        "model_1_multimer_v2_pred_2",
        "model_1_multimer_v2_pred_1",
        "model_2_multimer_v2_pred_1",
        "model_1_multimer_v2_pred_3",
        "model_4_multimer_v2_pred_3",
        "model_2_multimer_v2_pred_0",
        "model_3_multimer_v2_pred_3",
        "model_3_multimer_v2_pred_0",
        "model_5_multimer_v2_pred_3",
        "model_5_multimer_v2_pred_2",
        "model_5_multimer_v2_pred_0",
        "model_5_multimer_v2_pred_4",
        "model_5_multimer_v2_pred_1",
        "model_4_multimer_v2_pred_0",
        "model_2_multimer_v2_pred_2",
        "model_2_multimer_v2_pred_4",
        "model_4_multimer_v2_pred_1",
        "model_4_multimer_v2_pred_2",
        "model_4_multimer_v2_pred_4"
    ]
}