{
    "iptm+ptm": {
        "model_1_multimer_v2_pred_0": 0.4625268297979096,
        "model_1_multimer_v2_pred_1": 0.5158711556463286,
        "model_1_multimer_v2_pred_2": 0.3493978313343388,
        "model_1_multimer_v2_pred_3": 0.46300365281078393,
        "model_1_multimer_v2_pred_4": 0.4001027984681518,
        "model_2_multimer_v2_pred_0": 0.52613447990115,
        "model_2_multimer_v2_pred_1": 0.5140608765624995,
        "model_2_multimer_v2_pred_2": 0.5072532087717865,
        "model_2_multimer_v2_pred_3": 0.5204077348122657,
        "model_2_multimer_v2_pred_4": 0.5063875655152239,
        "model_3_multimer_v2_pred_0": 0.5435320621383817,
        "model_3_multimer_v2_pred_1": 0.5629806860788804,
        "model_3_multimer_v2_pred_2": 0.5433854879212103,
        "model_3_multimer_v2_pred_3": 0.5372909668967976,
        "model_3_multimer_v2_pred_4": 0.48980793729165334,
        "model_4_multimer_v2_pred_0": 0.360513372514527,
        "model_4_multimer_v2_pred_1": 0.4312695867249541,
        "model_4_multimer_v2_pred_2": 0.5295722992778519,
        "model_4_multimer_v2_pred_3": 0.5316478270384745,
        "model_4_multimer_v2_pred_4": 0.39387936161658704,
        "model_5_multimer_v2_pred_0": 0.5351791518767638,
        "model_5_multimer_v2_pred_1": 0.4620830024298077,
        "model_5_multimer_v2_pred_2": 0.5444500849519984,
        "model_5_multimer_v2_pred_3": 0.519882856106209,
        "model_5_multimer_v2_pred_4": 0.5281847756007775
    },
    "order": [
        "model_3_multimer_v2_pred_1",
        "model_5_multimer_v2_pred_2",
        "model_3_multimer_v2_pred_0",
        "model_3_multimer_v2_pred_2",
        "model_3_multimer_v2_pred_3",
        "model_5_multimer_v2_pred_0",
        "model_4_multimer_v2_pred_3",
        "model_4_multimer_v2_pred_2",
        "model_5_multimer_v2_pred_4",
        "model_2_multimer_v2_pred_0",
        "model_2_multimer_v2_pred_3",
        "model_5_multimer_v2_pred_3",
        "model_1_multimer_v2_pred_1",
        "model_2_multimer_v2_pred_1",
        "model_2_multimer_v2_pred_2",
        "model_2_multimer_v2_pred_4",
        "model_3_multimer_v2_pred_4",
        "model_1_multimer_v2_pred_3",
        "model_1_multimer_v2_pred_0",
        "model_5_multimer_v2_pred_1",
        "model_4_multimer_v2_pred_1",
        "model_1_multimer_v2_pred_4",
        "model_4_multimer_v2_pred_4",
        "model_4_multimer_v2_pred_0",
        "model_1_multimer_v2_pred_2"
    ]
}