{
    "iptm+ptm": {
        "model_1_multimer_v2_pred_0": 0.8794037578471026,
        "model_1_multimer_v2_pred_1": 0.8800319882274642,
        "model_1_multimer_v2_pred_2": 0.8807004045354083,
        "model_1_multimer_v2_pred_3": 0.8802351514042416,
        "model_1_multimer_v2_pred_4": 0.8800368206692794,
        "model_2_multimer_v2_pred_0": 0.8774187118485698,
        "model_2_multimer_v2_pred_1": 0.8785716934996652,
        "model_2_multimer_v2_pred_2": 0.88028015272298,
        "model_2_multimer_v2_pred_3": 0.8803383319621891,
        "model_2_multimer_v2_pred_4": 0.8786551768910457,
        "model_3_multimer_v2_pred_0": 0.8711942366093747,
        "model_3_multimer_v2_pred_1": 0.8747128813082379,
        "model_3_multimer_v2_pred_2": 0.8730638812624621,
        "model_3_multimer_v2_pred_3": 0.8730610274568334,
        "model_3_multimer_v2_pred_4": 0.874011358157371,
        "model_4_multimer_v2_pred_0": 0.8697620581923217,
        "model_4_multimer_v2_pred_1": 0.87121447834435,
        "model_4_multimer_v2_pred_2": 0.8735344633607097,
        "model_4_multimer_v2_pred_3": 0.8730334344934212,
        "model_4_multimer_v2_pred_4": 0.8716720743924378,
        "model_5_multimer_v2_pred_0": 0.8806895072590805,
        "model_5_multimer_v2_pred_1": 0.8795163811352226,
        "model_5_multimer_v2_pred_2": 0.8798939469503617,
        "model_5_multimer_v2_pred_3": 0.8807889830051341,
        "model_5_multimer_v2_pred_4": 0.8816242989120942
    },
    "order": [
        "model_5_multimer_v2_pred_4",
        "model_5_multimer_v2_pred_3",
        "model_1_multimer_v2_pred_2",
        "model_5_multimer_v2_pred_0",
        "model_2_multimer_v2_pred_3",
        "model_2_multimer_v2_pred_2",
        "model_1_multimer_v2_pred_3",
        "model_1_multimer_v2_pred_4",
        "model_1_multimer_v2_pred_1",
        "model_5_multimer_v2_pred_2",
        "model_5_multimer_v2_pred_1",
        "model_1_multimer_v2_pred_0",
        "model_2_multimer_v2_pred_4",
        "model_2_multimer_v2_pred_1",
        "model_2_multimer_v2_pred_0",
        "model_3_multimer_v2_pred_1",
        "model_3_multimer_v2_pred_4",
        "model_4_multimer_v2_pred_2",
        "model_3_multimer_v2_pred_2",
        "model_3_multimer_v2_pred_3",
        "model_4_multimer_v2_pred_3",
        "model_4_multimer_v2_pred_4",
        "model_4_multimer_v2_pred_1",
        "model_3_multimer_v2_pred_0",
        "model_4_multimer_v2_pred_0"
    ]
}