{
    "iptm+ptm": {
        "model_1_multimer_v2_pred_0": 0.2140613907955627,
        "model_1_multimer_v2_pred_1": 0.2118181015937437,
        "model_1_multimer_v2_pred_2": 0.2141580755028651,
        "model_1_multimer_v2_pred_3": 0.22714429734726882,
        "model_1_multimer_v2_pred_4": 0.22584830331383696,
        "model_2_multimer_v2_pred_0": 0.23503842689736165,
        "model_2_multimer_v2_pred_1": 0.21431167636664394,
        "model_2_multimer_v2_pred_2": 0.23059554583009734,
        "model_2_multimer_v2_pred_3": 0.21292470051501364,
        "model_2_multimer_v2_pred_4": 0.2396023535326774,
        "model_3_multimer_v2_pred_0": 0.2475559547167878,
        "model_3_multimer_v2_pred_1": 0.259958200112562,
        "model_3_multimer_v2_pred_2": 0.2700369249928497,
        "model_3_multimer_v2_pred_3": 0.24187141001108264,
        "model_3_multimer_v2_pred_4": 0.2619620933101431,
        "model_4_multimer_v2_pred_0": 0.15189010269108139,
        "model_4_multimer_v2_pred_1": 0.24967201562434493,
        "model_4_multimer_v2_pred_2": 0.2226585651084002,
        "model_4_multimer_v2_pred_3": 0.23803621757770413,
        "model_4_multimer_v2_pred_4": 0.22982685086527085,
        "model_5_multimer_v2_pred_0": 0.19132081467869003,
        "model_5_multimer_v2_pred_1": 0.19438904988612593,
        "model_5_multimer_v2_pred_2": 0.1799317957353913,
        "model_5_multimer_v2_pred_3": 0.18675623487471024,
        "model_5_multimer_v2_pred_4": 0.1869254869160607
    },
    "order": [
        "model_3_multimer_v2_pred_2",
        "model_3_multimer_v2_pred_4",
        "model_3_multimer_v2_pred_1",
        "model_4_multimer_v2_pred_1",
        "model_3_multimer_v2_pred_0",
        "model_3_multimer_v2_pred_3",
        "model_2_multimer_v2_pred_4",
        "model_4_multimer_v2_pred_3",
        "model_2_multimer_v2_pred_0",
        "model_2_multimer_v2_pred_2",
        "model_4_multimer_v2_pred_4",
        "model_1_multimer_v2_pred_3",
        "model_1_multimer_v2_pred_4",
        "model_4_multimer_v2_pred_2",
        "model_2_multimer_v2_pred_1",
        "model_1_multimer_v2_pred_2",
        "model_1_multimer_v2_pred_0",
        "model_2_multimer_v2_pred_3",
        "model_1_multimer_v2_pred_1",
        "model_5_multimer_v2_pred_1",
        "model_5_multimer_v2_pred_0",
        "model_5_multimer_v2_pred_4",
        "model_5_multimer_v2_pred_3",
        "model_5_multimer_v2_pred_2",
        "model_4_multimer_v2_pred_0"
    ]
}