{
    "iptm+ptm": {
        "model_1_multimer_v2_pred_0": 0.40813785575246136,
        "model_1_multimer_v2_pred_1": 0.2730974329052399,
        "model_1_multimer_v2_pred_2": 0.3125082014236601,
        "model_1_multimer_v2_pred_3": 0.34774846024987394,
        "model_1_multimer_v2_pred_4": 0.3003998949901255,
        "model_2_multimer_v2_pred_0": 0.23887222998850902,
        "model_2_multimer_v2_pred_1": 0.3648507480555126,
        "model_2_multimer_v2_pred_2": 0.38146943492788493,
        "model_2_multimer_v2_pred_3": 0.24139689912643775,
        "model_2_multimer_v2_pred_4": 0.23174959599177,
        "model_3_multimer_v2_pred_0": 0.37689617450914426,
        "model_3_multimer_v2_pred_1": 0.28078750384417256,
        "model_3_multimer_v2_pred_2": 0.25663366454319286,
        "model_3_multimer_v2_pred_3": 0.3512488579244038,
        "model_3_multimer_v2_pred_4": 0.3368568111649284,
        "model_4_multimer_v2_pred_0": 0.21038011134204718,
        "model_4_multimer_v2_pred_1": 0.20547375370052315,
        "model_4_multimer_v2_pred_2": 0.3427243557504031,
        "model_4_multimer_v2_pred_3": 0.2826048861124539,
        "model_4_multimer_v2_pred_4": 0.26761701815005684,
        "model_5_multimer_v2_pred_0": 0.2114050765809417,
        "model_5_multimer_v2_pred_1": 0.24924962537591863,
        "model_5_multimer_v2_pred_2": 0.18098940149195442,
        "model_5_multimer_v2_pred_3": 0.18638177723354843,
        "model_5_multimer_v2_pred_4": 0.20405712035328757
    },
    "order": [
        "model_1_multimer_v2_pred_0",
        "model_2_multimer_v2_pred_2",
        "model_3_multimer_v2_pred_0",
        "model_2_multimer_v2_pred_1",
        "model_3_multimer_v2_pred_3",
        "model_1_multimer_v2_pred_3",
        "model_4_multimer_v2_pred_2",
        "model_3_multimer_v2_pred_4",
        "model_1_multimer_v2_pred_2",
        "model_1_multimer_v2_pred_4",
        "model_4_multimer_v2_pred_3",
        "model_3_multimer_v2_pred_1",
        "model_1_multimer_v2_pred_1",
        "model_4_multimer_v2_pred_4",
        "model_3_multimer_v2_pred_2",
        "model_5_multimer_v2_pred_1",
        "model_2_multimer_v2_pred_3",
        "model_2_multimer_v2_pred_0",
        "model_2_multimer_v2_pred_4",
        "model_5_multimer_v2_pred_0",
        "model_4_multimer_v2_pred_0",
        "model_4_multimer_v2_pred_1",
        "model_5_multimer_v2_pred_4",
        "model_5_multimer_v2_pred_3",
        "model_5_multimer_v2_pred_2"
    ]
}