{
    "iptm+ptm": {
        "model_1_multimer_v2_pred_0": 0.17344570733274303,
        "model_1_multimer_v2_pred_1": 0.17633362524577567,
        "model_1_multimer_v2_pred_2": 0.16504681388750184,
        "model_1_multimer_v2_pred_3": 0.17293231496952027,
        "model_1_multimer_v2_pred_4": 0.17460988656515664,
        "model_2_multimer_v2_pred_0": 0.1690566553724114,
        "model_2_multimer_v2_pred_1": 0.16890342942105632,
        "model_2_multimer_v2_pred_2": 0.1624371988502685,
        "model_2_multimer_v2_pred_3": 0.15817443420547972,
        "model_2_multimer_v2_pred_4": 0.16947489988191178,
        "model_3_multimer_v2_pred_0": 0.15814206534437275,
        "model_3_multimer_v2_pred_1": 0.17020334309334356,
        "model_3_multimer_v2_pred_2": 0.17153697071730953,
        "model_3_multimer_v2_pred_3": 0.1591289032497083,
        "model_3_multimer_v2_pred_4": 0.15992667074221023,
        "model_4_multimer_v2_pred_0": 0.1615599459399932,
        "model_4_multimer_v2_pred_1": 0.16736742505238597,
        "model_4_multimer_v2_pred_2": 0.16879402992449488,
        "model_4_multimer_v2_pred_3": 0.16729706658184218,
        "model_4_multimer_v2_pred_4": 0.16999712941369716,
        "model_5_multimer_v2_pred_0": 0.1738102349675412,
        "model_5_multimer_v2_pred_1": 0.18109220968687711,
        "model_5_multimer_v2_pred_2": 0.17023155322895833,
        "model_5_multimer_v2_pred_3": 0.17451702375330191,
        "model_5_multimer_v2_pred_4": 0.17502963977298974
    },
    "order": [
        "model_5_multimer_v2_pred_1",
        "model_1_multimer_v2_pred_1",
        "model_5_multimer_v2_pred_4",
        "model_1_multimer_v2_pred_4",
        "model_5_multimer_v2_pred_3",
        "model_5_multimer_v2_pred_0",
        "model_1_multimer_v2_pred_0",
        "model_1_multimer_v2_pred_3",
        "model_3_multimer_v2_pred_2",
        "model_5_multimer_v2_pred_2",
        "model_3_multimer_v2_pred_1",
        "model_4_multimer_v2_pred_4",
        "model_2_multimer_v2_pred_4",
        "model_2_multimer_v2_pred_0",
        "model_2_multimer_v2_pred_1",
        "model_4_multimer_v2_pred_2",
        "model_4_multimer_v2_pred_1",
        "model_4_multimer_v2_pred_3",
        "model_1_multimer_v2_pred_2",
        "model_2_multimer_v2_pred_2",
        "model_4_multimer_v2_pred_0",
        "model_3_multimer_v2_pred_4",
        "model_3_multimer_v2_pred_3",
        "model_2_multimer_v2_pred_3",
        "model_3_multimer_v2_pred_0"
    ]
}