{
    "iptm+ptm": {
        "model_1_multimer_v2_pred_0": 0.7059572297310059,
        "model_1_multimer_v2_pred_1": 0.8154004959528066,
        "model_1_multimer_v2_pred_2": 0.791884226320768,
        "model_1_multimer_v2_pred_3": 0.8084521906628401,
        "model_1_multimer_v2_pred_4": 0.8078668991804665,
        "model_2_multimer_v2_pred_0": 0.8182572729755062,
        "model_2_multimer_v2_pred_1": 0.827822914337832,
        "model_2_multimer_v2_pred_2": 0.8259281304190808,
        "model_2_multimer_v2_pred_3": 0.8313692502938783,
        "model_2_multimer_v2_pred_4": 0.8173084301959046,
        "model_3_multimer_v2_pred_0": 0.8131361939483948,
        "model_3_multimer_v2_pred_1": 0.8376542659861913,
        "model_3_multimer_v2_pred_2": 0.8259809862888037,
        "model_3_multimer_v2_pred_3": 0.8158053584553774,
        "model_3_multimer_v2_pred_4": 0.8213316938176479,
        "model_4_multimer_v2_pred_0": 0.7886857565428009,
        "model_4_multimer_v2_pred_1": 0.7997308971511201,
        "model_4_multimer_v2_pred_2": 0.80731541161477,
        "model_4_multimer_v2_pred_3": 0.8094686856395613,
        "model_4_multimer_v2_pred_4": 0.7525650964731118,
        "model_5_multimer_v2_pred_0": 0.8159451021489593,
        "model_5_multimer_v2_pred_1": 0.8059685548382057,
        "model_5_multimer_v2_pred_2": 0.8061130078947916,
        "model_5_multimer_v2_pred_3": 0.8143279993246727,
        "model_5_multimer_v2_pred_4": 0.8225712737179292
    },
    "order": [
        "model_3_multimer_v2_pred_1",
        "model_2_multimer_v2_pred_3",
        "model_2_multimer_v2_pred_1",
        "model_3_multimer_v2_pred_2",
        "model_2_multimer_v2_pred_2",
        "model_5_multimer_v2_pred_4",
        "model_3_multimer_v2_pred_4",
        "model_2_multimer_v2_pred_0",
        "model_2_multimer_v2_pred_4",
        "model_5_multimer_v2_pred_0",
        "model_3_multimer_v2_pred_3",
        "model_1_multimer_v2_pred_1",
        "model_5_multimer_v2_pred_3",
        "model_3_multimer_v2_pred_0",
        "model_4_multimer_v2_pred_3",
        "model_1_multimer_v2_pred_3",
        "model_1_multimer_v2_pred_4",
        "model_4_multimer_v2_pred_2",
        "model_5_multimer_v2_pred_2",
        "model_5_multimer_v2_pred_1",
        "model_4_multimer_v2_pred_1",
        "model_1_multimer_v2_pred_2",
        "model_4_multimer_v2_pred_0",
        "model_4_multimer_v2_pred_4",
        "model_1_multimer_v2_pred_0"
    ]
}