{
    "iptm+ptm": {
        "model_1_multimer_v2_pred_0": 0.5171928915411708,
        "model_1_multimer_v2_pred_1": 0.5103794343040026,
        "model_1_multimer_v2_pred_2": 0.545820334781081,
        "model_1_multimer_v2_pred_3": 0.5824443099405454,
        "model_1_multimer_v2_pred_4": 0.5654282315804959,
        "model_2_multimer_v2_pred_0": 0.5566763732541089,
        "model_2_multimer_v2_pred_1": 0.4566232146817515,
        "model_2_multimer_v2_pred_2": 0.5656276749459959,
        "model_2_multimer_v2_pred_3": 0.5300336005733516,
        "model_2_multimer_v2_pred_4": 0.48020238607977517,
        "model_3_multimer_v2_pred_0": 0.6235456898230775,
        "model_3_multimer_v2_pred_1": 0.5891404024494529,
        "model_3_multimer_v2_pred_2": 0.5684599013583809,
        "model_3_multimer_v2_pred_3": 0.5350476317679865,
        "model_3_multimer_v2_pred_4": 0.5245657768320723,
        "model_4_multimer_v2_pred_0": 0.49653533991685855,
        "model_4_multimer_v2_pred_1": 0.5645446834408228,
        "model_4_multimer_v2_pred_2": 0.6247659029389743,
        "model_4_multimer_v2_pred_3": 0.5675933751479065,
        "model_4_multimer_v2_pred_4": 0.5954471320287864,
        "model_5_multimer_v2_pred_0": 0.476584243663232,
        "model_5_multimer_v2_pred_1": 0.5721341927055318,
        "model_5_multimer_v2_pred_2": 0.5672291643969829,
        "model_5_multimer_v2_pred_3": 0.44852550686739245,
        "model_5_multimer_v2_pred_4": 0.4950157963236128
    },
    "order": [
        "model_4_multimer_v2_pred_2",
        "model_3_multimer_v2_pred_0",
        "model_4_multimer_v2_pred_4",
        "model_3_multimer_v2_pred_1",
        "model_1_multimer_v2_pred_3",
        "model_5_multimer_v2_pred_1",
        "model_3_multimer_v2_pred_2",
        "model_4_multimer_v2_pred_3",
        "model_5_multimer_v2_pred_2",
        "model_2_multimer_v2_pred_2",
        "model_1_multimer_v2_pred_4",
        "model_4_multimer_v2_pred_1",
        "model_2_multimer_v2_pred_0",
        "model_1_multimer_v2_pred_2",
        "model_3_multimer_v2_pred_3",
        "model_2_multimer_v2_pred_3",
        "model_3_multimer_v2_pred_4",
        "model_1_multimer_v2_pred_0",
        "model_1_multimer_v2_pred_1",
        "model_4_multimer_v2_pred_0",
        "model_5_multimer_v2_pred_4",
        "model_2_multimer_v2_pred_4",
        "model_5_multimer_v2_pred_0",
        "model_2_multimer_v2_pred_1",
        "model_5_multimer_v2_pred_3"
    ]
}