{
    "iptm+ptm": {
        "model_1_multimer_v2_pred_0": 0.8528518751808187,
        "model_1_multimer_v2_pred_1": 0.8535747402758207,
        "model_1_multimer_v2_pred_2": 0.8464011221129578,
        "model_1_multimer_v2_pred_3": 0.8504504212203734,
        "model_1_multimer_v2_pred_4": 0.8529336352844101,
        "model_2_multimer_v2_pred_0": 0.80303622609052,
        "model_2_multimer_v2_pred_1": 0.8415042746330046,
        "model_2_multimer_v2_pred_2": 0.8512305345476887,
        "model_2_multimer_v2_pred_3": 0.8505090900392249,
        "model_2_multimer_v2_pred_4": 0.8520236498364109,
        "model_3_multimer_v2_pred_0": 0.8470709900184337,
        "model_3_multimer_v2_pred_1": 0.8343362207337337,
        "model_3_multimer_v2_pred_2": 0.7828485330974335,
        "model_3_multimer_v2_pred_3": 0.7679796474724541,
        "model_3_multimer_v2_pred_4": 0.849581062996524,
        "model_4_multimer_v2_pred_0": 0.8338260729068967,
        "model_4_multimer_v2_pred_1": 0.7581287582700604,
        "model_4_multimer_v2_pred_2": 0.8405007870540196,
        "model_4_multimer_v2_pred_3": 0.8015848968629965,
        "model_4_multimer_v2_pred_4": 0.7666602498162762,
        "model_5_multimer_v2_pred_0": 0.8486390023593556,
        "model_5_multimer_v2_pred_1": 0.8456713944502832,
        "model_5_multimer_v2_pred_2": 0.7897855962666877,
        "model_5_multimer_v2_pred_3": 0.8485093513478053,
        "model_5_multimer_v2_pred_4": 0.8005834806449489
    },
    "order": [
        "model_1_multimer_v2_pred_1",
        "model_1_multimer_v2_pred_4",
        "model_1_multimer_v2_pred_0",
        "model_2_multimer_v2_pred_4",
        "model_2_multimer_v2_pred_2",
        "model_2_multimer_v2_pred_3",
        "model_1_multimer_v2_pred_3",
        "model_3_multimer_v2_pred_4",
        "model_5_multimer_v2_pred_0",
        "model_5_multimer_v2_pred_3",
        "model_3_multimer_v2_pred_0",
        "model_1_multimer_v2_pred_2",
        "model_5_multimer_v2_pred_1",
        "model_2_multimer_v2_pred_1",
        "model_4_multimer_v2_pred_2",
        "model_3_multimer_v2_pred_1",
        "model_4_multimer_v2_pred_0",
        "model_2_multimer_v2_pred_0",
        "model_4_multimer_v2_pred_3",
        "model_5_multimer_v2_pred_4",
        "model_5_multimer_v2_pred_2",
        "model_3_multimer_v2_pred_2",
        "model_3_multimer_v2_pred_3",
        "model_4_multimer_v2_pred_4",
        "model_4_multimer_v2_pred_1"
    ]
}