{
    "iptm+ptm": {
        "model_1_multimer_v2_pred_0": 0.18274532543842809,
        "model_1_multimer_v2_pred_1": 0.18781050567372,
        "model_1_multimer_v2_pred_2": 0.1924303467036817,
        "model_1_multimer_v2_pred_3": 0.17830344426077388,
        "model_1_multimer_v2_pred_4": 0.19914111807885992,
        "model_2_multimer_v2_pred_0": 0.2038845332003496,
        "model_2_multimer_v2_pred_1": 0.19576209736274075,
        "model_2_multimer_v2_pred_2": 0.20288646550249365,
        "model_2_multimer_v2_pred_3": 0.1930213010659585,
        "model_2_multimer_v2_pred_4": 0.2016685095666832,
        "model_3_multimer_v2_pred_0": 0.1826439722039297,
        "model_3_multimer_v2_pred_1": 0.209377708060874,
        "model_3_multimer_v2_pred_2": 0.2070071243017222,
        "model_3_multimer_v2_pred_3": 0.20617054889256806,
        "model_3_multimer_v2_pred_4": 0.19813471011996994,
        "model_4_multimer_v2_pred_0": 0.2184468522315912,
        "model_4_multimer_v2_pred_1": 0.24327429772209122,
        "model_4_multimer_v2_pred_2": 0.24434632306811907,
        "model_4_multimer_v2_pred_3": 0.19394719454982728,
        "model_4_multimer_v2_pred_4": 0.23142537685658332,
        "model_5_multimer_v2_pred_0": 0.17910054817399124,
        "model_5_multimer_v2_pred_1": 0.18444217113323275,
        "model_5_multimer_v2_pred_2": 0.182868123745221,
        "model_5_multimer_v2_pred_3": 0.1897269268764187,
        "model_5_multimer_v2_pred_4": 0.17804095812238396
    },
    "order": [
        "model_4_multimer_v2_pred_2",
        "model_4_multimer_v2_pred_1",
        "model_4_multimer_v2_pred_4",
        "model_4_multimer_v2_pred_0",
        "model_3_multimer_v2_pred_1",
        "model_3_multimer_v2_pred_2",
        "model_3_multimer_v2_pred_3",
        "model_2_multimer_v2_pred_0",
        "model_2_multimer_v2_pred_2",
        "model_2_multimer_v2_pred_4",
        "model_1_multimer_v2_pred_4",
        "model_3_multimer_v2_pred_4",
        "model_2_multimer_v2_pred_1",
        "model_4_multimer_v2_pred_3",
        "model_2_multimer_v2_pred_3",
        "model_1_multimer_v2_pred_2",
        "model_5_multimer_v2_pred_3",
        "model_1_multimer_v2_pred_1",
        "model_5_multimer_v2_pred_1",
        "model_5_multimer_v2_pred_2",
        "model_1_multimer_v2_pred_0",
        "model_3_multimer_v2_pred_0",
        "model_5_multimer_v2_pred_0",
        "model_1_multimer_v2_pred_3",
        "model_5_multimer_v2_pred_4"
    ]
}