{
    "iptm+ptm": {
        "model_1_multimer_v2_pred_0": 0.5444426994402295,
        "model_1_multimer_v2_pred_1": 0.49251810939206436,
        "model_1_multimer_v2_pred_2": 0.5709576700589446,
        "model_1_multimer_v2_pred_3": 0.4446854838746715,
        "model_1_multimer_v2_pred_4": 0.5148293813674593,
        "model_2_multimer_v2_pred_0": 0.3965331240149881,
        "model_2_multimer_v2_pred_1": 0.44098247952668884,
        "model_2_multimer_v2_pred_2": 0.44555758631616027,
        "model_2_multimer_v2_pred_3": 0.4091371960643192,
        "model_2_multimer_v2_pred_4": 0.4143294428506596,
        "model_3_multimer_v2_pred_0": 0.48504780848769663,
        "model_3_multimer_v2_pred_1": 0.4548685850473709,
        "model_3_multimer_v2_pred_2": 0.406533252268094,
        "model_3_multimer_v2_pred_3": 0.4679292532499421,
        "model_3_multimer_v2_pred_4": 0.40242080130770247,
        "model_4_multimer_v2_pred_0": 0.5478508857961965,
        "model_4_multimer_v2_pred_1": 0.5488724018756767,
        "model_4_multimer_v2_pred_2": 0.5581094421544244,
        "model_4_multimer_v2_pred_3": 0.5513668775340143,
        "model_4_multimer_v2_pred_4": 0.5584358656469512,
        "model_5_multimer_v2_pred_0": 0.4156753379517151,
        "model_5_multimer_v2_pred_1": 0.4255329146543792,
        "model_5_multimer_v2_pred_2": 0.4366917779765384,
        "model_5_multimer_v2_pred_3": 0.4054147143642515,
        "model_5_multimer_v2_pred_4": 0.41328101951187907
    },
    "order": [
        "model_1_multimer_v2_pred_2",
        "model_4_multimer_v2_pred_4",
        "model_4_multimer_v2_pred_2",
        "model_4_multimer_v2_pred_3",
        "model_4_multimer_v2_pred_1",
        "model_4_multimer_v2_pred_0",
        "model_1_multimer_v2_pred_0",
        "model_1_multimer_v2_pred_4",
        "model_1_multimer_v2_pred_1",
        "model_3_multimer_v2_pred_0",
        "model_3_multimer_v2_pred_3",
        "model_3_multimer_v2_pred_1",
        "model_2_multimer_v2_pred_2",
        "model_1_multimer_v2_pred_3",
        "model_2_multimer_v2_pred_1",
        "model_5_multimer_v2_pred_2",
        "model_5_multimer_v2_pred_1",
        "model_5_multimer_v2_pred_0",
        "model_2_multimer_v2_pred_4",
        "model_5_multimer_v2_pred_4",
        "model_2_multimer_v2_pred_3",
        "model_3_multimer_v2_pred_2",
        "model_5_multimer_v2_pred_3",
        "model_3_multimer_v2_pred_4",
        "model_2_multimer_v2_pred_0"
    ]
}
